{"cameraMode":{"drawMode":0,"name":"Shaded","section":"Shading Mode"},"sceneLighting":false,"audioPlay":false,"sceneViewState":{"showFog":true,"showMaterialUpdate":false,"showSkybox":false,"showFlares":true,"showImageEffects":true,"showParticleSystems":true},"in2DMode":false,"pivot":{"x":-70.1962890625,"y":28.663909912109376,"z":-114.80149841308594},"rotation":{"x":0.10541203618049622,"y":0.8904055953025818,"z":-0.2640702724456787,"w":0.35543397068977358},"size":8.201944351196289,"orthographic":false}